molecule_chembl_id,isosmiles,class,pIC50
CHEMBL271139,c1nc(NC2CCCC2)c2nc[nH]c2n1,inactive,4.744727495
CHEMBL259041,CCCCCSc1ncnc2[nH]cnc12,inactive,4.420216403
CHEMBL259040,c1nc2cnc(NC3CCCCC3)nc2[nH]1,inactive,4.508638306
CHEMBL408244,CC(Sc1ncnc2[nH]cnc12)c1ccccc1Cl,inactive,4.638272164
CHEMBL407278,CC1CC(Nc2ncnc3[nH]cnc23)CC(C)(C)C1,inactive,4.638272164
CHEMBL271138,c1nc(N2CCOCC2)c2nc[nH]c2n1,inactive,4.744727495
CHEMBL475817,Nc1ncc(NC(=O)c2cc(NC(=O)c3cccc(C(F)(F)F)c3)ccc2Cl)cc1Cl,inactive,4.522878745
CHEMBL590109,NCCn1cc(-c2cc(-c3cc4ccccc4s3)c3[nH]ncc3c2)c2nc(N)ncc21,active,6.292429824
CHEMBL593490,Cc1[nH]nc2ccc(-c3cc(OC[C@@H](N)Cc4c[nH]c5ccccc45)cnc3-c3ccoc3)cc12,active,7.508638306
CHEMBL1090360,O=C(Cc1ccccc1)Nc1cccc(-c2nc3sccn3c2-c2ccnc(Nc3cccc(N4CCOCC4)c3)n2)c1,active,6.274905479
CHEMBL1957085,COc1ccc(-c2ocnc2C(=O)NCc2ccncc2)cc1,inactive,5
CHEMBL2332840,O=C(Nc1ccc(Oc2ncnc3[nH]ncc23)cc1)Nc1ccc(Cl)c(C(F)(F)F)c1,inactive,5
CHEMBL2386715,COCCN(Cc1cc(F)cc2[nH]ncc12)c1nccc(Nc2cc(C3CC3)[nH]n2)n1,active,7.19314197
CHEMBL2386717,CC(CO)N(Cc1cc(F)cc2[nH]ncc12)c1nccc(Nc2cc(C3CC3)[nH]n2)n1,active,7.149966742
CHEMBL2386716,C[C@H](Nc1nccc(Nc2cc(C3CCC3)[nH]n2)n1)c1ccc2[nH]ccc2c1,active,6.876148359
CHEMBL2386718,C[C@H](Nc1nccc(Nc2cc(C3CC3(F)F)[nH]n2)n1)c1ccc2[nH]cnc2c1,active,6.612610174
CHEMBL2403080,COc1cc(Nc2ncc(Br)c(-c3cccc(CC#N)c3)n2)ccc1N1CCN(C)[C@H](C)C1,active,7.142667504
CHEMBL2403079,COc1cc(Nc2ncc(Br)c(-c3cccc(CC#N)c3)n2)ccc1N1CCN(C)[C@@H](C)C1,active,7.187086643
CHEMBL2403078,COc1cc(Nc2ncc(Br)c(-c3cccc(CC#N)c3)n2)ccc1N1CCN(C)C(C)C1,active,7.214670165
CHEMBL2403077,COc1cc(Nc2ncc(Cl)c(-c3cccc(CC#N)c3)n2)ccc1N1CCN(C)C(C)C1,active,6.899629455
CHEMBL2403076,Cc1nnc(-c2cc(Nc3ncc(Cl)c(-c4cccc(CC#N)c4)n3)ccc2N2CCN(C)CC2)o1,active,5.077793723
CHEMBL2403075,Cc1cnc(-c2cc(Nc3ncc(Cl)c(-c4cccc(CC#N)c4)n3)ccc2N2CCN(C)CC2)o1,active,6.196542884
CHEMBL2403074,CN1CCN(c2ccc(Nc3ncc(Cl)c(-c4cccc(CC#N)c4)n3)cc2-c2ncco2)CC1,active,5.847711656
CHEMBL2403073,CCN(CC)C(=O)c1cc(Nc2ncc(Cl)c(-c3cccc(CC#N)c3)n2)ccc1N1CCN(C)CC1,active,5.396855627
CHEMBL2403072,CNC(=O)c1cc(Nc2ncc(Cl)c(-c3cccc(CC#N)c3)n2)ccc1N1CCN(C)CC1,active,5.1837587
CHEMBL2403071,CN1CCN(c2ccc(Nc3ncc(Cl)c(-c4cccc(CC#N)c4)n3)cc2C#N)CC1,active,6.107905397
CHEMBL2403070,CCOC(=O)c1cc(Nc2ncc(Cl)c(-c3cccc(CC#N)c3)n2)ccc1N1CCN(C)CC1,active,6.539102157
CHEMBL2403069,CN1CCN(c2ccc(Nc3ncc(Cl)c(-c4cccc(CC#N)c4)n3)cc2C(=O)O)CC1,inactive,4.946921557
CHEMBL2403068,COCCOc1cc(Nc2ncc(Cl)c(-c3cccc(CC#N)c3)n2)ccc1N1CCN(C)CC1,active,5.540607512
CHEMBL2403067,CCOc1cc(Nc2ncc(Cl)c(-c3cccc(CC#N)c3)n2)ccc1N1CCN(C)CC1,active,6.019088062
CHEMBL2403066,CN1CCN(c2ccc(Nc3ncc(Cl)c(-c4cccc(CC#N)c4)n3)cc2O)CC1,active,6.171340103
CHEMBL2403065,CN1CCN(c2ccc(Nc3ncc(Cl)c(-c4cccc(CC#N)c4)n3)cc2F)CC1,active,6.261219442
CHEMBL2403064,COc1cc(Nc2ncc(Cl)c(-c3cccc(NC(C)=O)c3)n2)ccc1N1CCN(C)CC1,active,5.330683119
CHEMBL2403063,COc1cc(Nc2ncc(Cl)c(-c3cccc(C(=O)O)c3)n2)ccc1N1CCN(C)CC1,active,5.283162277
CHEMBL2403062,CCOC(=O)c1cccc(-c2nc(Nc3ccc(N4CCN(C)CC4)c(OC)c3)ncc2Cl)c1,active,5.571865206
CHEMBL2403061,COc1cc(Nc2ncc(Cl)c(-c3cccc(C(=O)NCC#N)c3)n2)ccc1N1CCN(C)CC1,active,5.669586227
CHEMBL2403060,COc1cc(Nc2ncc(Cl)c(-c3cccc(C(C)(C)C#N)c3)n2)ccc1N1CCN(C)CC1,active,6.00656377
CHEMBL2403059,COc1cc(C#N)cc(-c2nc(Nc3ccc(N4CCN(C)CC4)c(OC)c3)ncc2Cl)c1,active,6.312471039
CHEMBL2403058,COc1cc(Nc2ncc(Cl)c(-c3cc(Cl)cc(C#N)c3)n2)ccc1N1CCN(C)CC1,active,6.643974143
CHEMBL2403057,COc1cc(Nc2ncc(Cl)c(-c3cc(Cl)cc(CC#N)c3)n2)ccc1N1CCN(C)CC1,active,6.987162775
CHEMBL2403056,COc1cc(Nc2ncc(Cl)c(-c3cc(F)cc(CC#N)c3)n2)ccc1N1CCN(C)CC1,active,7.008773924
CHEMBL2312140,COc1cc(Nc2ncc(Cl)c(-c3cccc(CC#N)c3)n2)ccc1N1CCN(C)CC1,active,6.958607315
CHEMBL3128042,COCCNc1nc2ccc(C#CC3(O)CCCCC3)cc2n1-c1ccnc(N)n1,active,5.266000713
CHEMBL3218297,CS(=O)(=O)O.O=C(NCc1cccc(O)c1)Nc1nc(-c2ccncc2)cs1,active,9
CHEMBL3133821,Oc1cccc(Nc2ccnc3[nH]c4ccccc4c23)c1,inactive,5
CHEMBL3128055,CCNc1nc2ccc(C#CC(C)(C)O)cc2n1-c1ncnc(N)n1,active,5.017728767
CHEMBL3355023,CCNc1nc2ccc(C#C[C@@](C)(O)c3cc(C)on3)cc2n1-c1ncnc(N)n1,active,5.346787486
CHEMBL3355024,CNc1nc2ccc(C#C[C@@](C)(O)c3cc(C)on3)cc2n1-c1ncnc(N)n1,active,5.346787486
CHEMBL3426225,CCn1nc(C#Cc2cc(C(=O)Nc3ccc(CN4CCN(C)CC4)c(C(F)(F)F)c3)ccc2C)c2c(N)ncnc21,inactive,5
CHEMBL3580962,N[C@H]1CC[C@H](CNc2nccc(Nc3cc(C4CC4)[nH]n3)n2)CC1,active,5.657577319
CHEMBL3580968,C[C@H](Nc1nccc(Nc2cc(C3CC3)[nH]n2)n1)c1ccc2[nH]ccc2c1,active,6.920818754
CHEMBL3580972,C[C@H](Nc1nccc(Nc2cc(C3CC3)[nH]n2)n1)c1ccc2[nH]cnc2c1,active,6.55129368
CHEMBL3580974,Clc1c(CNc2nccc(Nc3cc(C4CC4)[nH]n3)n2)ccc2[nH]cnc12,active,6.441291429
CHEMBL3580975,CN(Cc1ccc2[nH]cnc2c1Cl)c1nccc(Nc2cc(C3CC3)[nH]n2)n1,active,6.958607315
CHEMBL3580976,CCN(Cc1ccc2[nH]cnc2c1Cl)c1nccc(Nc2cc(C3CC3)[nH]n2)n1,active,7.070581074
CHEMBL3594175,CN1CC[C@H](c2cc(Nc3ccnc(N(C)Cc4ccc5[nH]cnc5c4Cl)n3)n[nH]2)C1=O,active,5.107905397
CHEMBL3594177,CN1CC[C@H](c2cc(Nc3ccnc(N(C)C[C@H]4CC[C@H](N)CC4)n3)n[nH]2)C1=O,inactive,5
CHEMBL3594178,CCN(C[C@H]1CC[C@H](N)CC1)c1nccc(Nc2cc([C@H]3CCN(C)C3=O)[nH]n2)n1,inactive,5
CHEMBL3597013,CCn1c(Nc2ccc(N3CCN(C)CC3)cc2)ncc(-c2ccc(-c3cncs3)cc2Cl)c1=O,active,8.552841969
CHEMBL3597012,CC(=O)N1CCc2cc(-c3cnc4[nH]cc(C(=O)c5ccccc5Cl)c4c3)ccc2C1,active,6.568636236
CHEMBL3597011,CN1CCc2cc(-c3cnc4[nH]cc(C(=O)c5ccccc5Cl)c4c3)ccc2C1,active,9
CHEMBL3596932,CN1CCc2ccc(-c3cnc4[nH]cc(C(=O)c5ccccc5Cl)c4c3)cc2C1,active,8.346787486
CHEMBL3596931,CN1Cc2ccc(-c3cnc4[nH]cc(C(=O)c5ccccc5Cl)c4c3)cc2C1,active,7.48148606
CHEMBL3596930,COc1nn(C)cc1-c1cnc2[nH]cc(C(=O)c3cc(CCO)ccc3Cl)c2c1,active,8.236572006
CHEMBL3596929,COc1nn(C)cc1-c1cnc2[nH]cc(C(=O)c3ccc(CCO)cc3Cl)c2c1,active,6.853871964
CHEMBL3596928,COc1nn(C)cc1-c1cnc2[nH]cc(C(=O)c3ccc(COc4cccnc4)cc3Cl)c2c1,active,6.886056648
CHEMBL3596927,COc1nn(C)cc1-c1cnc2[nH]cc(C(=O)c3ccc(COc4ccccn4)cc3Cl)c2c1,active,7.853871964
CHEMBL3596926,COc1nn(C)cc1-c1cnc2[nH]cc(C(=O)c3ccc(COc4ccccc4F)cc3Cl)c2c1,active,7.318758763
CHEMBL3596925,COc1nn(C)cc1-c1cnc2[nH]cc(C(=O)c3ccc(COc4ccccc4)cc3Cl)c2c1,active,7.366531544
CHEMBL3596924,COc1c(-c2cnc3[nH]cc(C(=O)c4ccc(CO)cc4Cl)c3c2)cnn1C,active,7.431798276
CHEMBL3596923,CC(=O)N1CCC(n2cc(-c3cnc4[nH]cc(C(=O)c5ccc(CO)cc5Cl)c4c3)cn2)CC1,active,7.259637311
CHEMBL3596922,CN1CCC(n2cc(-c3cnc4[nH]cc(C(=O)c5ccc(CO)cc5Cl)c4c3)cn2)CC1,active,7.920818754
CHEMBL3596921,O=C(c1ccc(COc2ccccc2)cc1Cl)c1c[nH]c2ncc(-c3cnn(C4CCNCC4)c3)cc12,active,8.522878745
CHEMBL3596920,COCc1ccc(C(=O)c2c[nH]c3ncc(-c4cnn(C5CCNCC5)c4)cc23)c(Cl)c1,active,7.677780705
CHEMBL3596919,O=C(c1ccc(CO)cc1Cl)c1c[nH]c2ncc(-c3cnn(C4CCNCC4)c3)cc12,active,8.119186408
CHEMBL3596918,CS(=O)(=O)c1ccc(C(=O)c2c[nH]c3ncc(-c4cnn(C5CCNCC5)c4)cc23)c(Cl)c1,active,6.356547324
CHEMBL3596917,NC(=O)c1ccc(C(=O)c2c[nH]c3ncc(-c4cnn(C5CCNCC5)c4)cc23)c(Cl)c1,active,6.200659451
CHEMBL3596916,N#Cc1ccc(C(=O)c2c[nH]c3ncc(-c4cnn(C5CCNCC5)c4)cc23)c(Cl)c1,active,7.638272164
CHEMBL3596915,O=C(c1ccc(Cl)cc1Cl)c1c[nH]c2ncc(-c3cnn(C4CCNCC4)c3)cc12,active,8.124938737
CHEMBL3596914,O=C(c1ccc(F)cc1Cl)c1c[nH]c2ncc(-c3cnn(C4CCNCC4)c3)cc12,active,7.886056648
CHEMBL3596913,N#Cc1ccc(Cl)c(C(=O)c2c[nH]c3ncc(-c4cnn(C5CCNCC5)c4)cc23)c1,active,6.187086643
CHEMBL3596912,O=C(c1cc(CO)ccc1Cl)c1c[nH]c2ncc(-c3cnn(C4CCNCC4)c3)cc12,active,7.193820026
CHEMBL3596911,Cc1cccc(Cl)c1C(=O)c1c[nH]c2ncc(-c3cnn(C4CCNCC4)c3)cc12,active,7.055517328
CHEMBL3596910,O=C(c1ccc(COc2ccccc2)cc1)c1c[nH]c2ncc(-c3cnn(C4CCNCC4)c3)cc12,active,7.075720714
CHEMBL3596909,O=C(c1ccc(CO)cc1)c1c[nH]c2ncc(-c3cnn(C4CCNCC4)c3)cc12,active,6.200659451
CHEMBL3596908,O=C(c1ccc(Cl)cc1)c1c[nH]c2ncc(-c3cnn(C4CCNCC4)c3)cc12,active,6.585026652
CHEMBL3596907,O=C(c1cccc(Cl)c1)c1c[nH]c2ncc(-c3cnn(C4CCNCC4)c3)cc12,active,5.698970004
CHEMBL3596906,COc1ccccc1C(=O)c1c[nH]c2ncc(-c3cnn(C4CCNCC4)c3)cc12,active,6.30980392
CHEMBL3596905,N#Cc1ccccc1C(=O)c1c[nH]c2ncc(-c3cnn(C4CCNCC4)c3)cc12,active,6.13076828
CHEMBL3596904,O=C(c1ccccc1F)c1c[nH]c2ncc(-c3cnn(C4CCNCC4)c3)cc12,active,6.920818754
CHEMBL3596903,Cc1ccccc1C(=O)c1c[nH]c2ncc(-c3cnn(C4CCNCC4)c3)cc12,active,7.200659451
CHEMBL3596902,O=C(c1ccccc1)c1c[nH]c2ncc(-c3cnn(C4CCNCC4)c3)cc12,active,6.397940009
CHEMBL3596901,O=S(=O)(c1ccccc1Cl)c1c[nH]c2ncc(-c3cnn(C4CCNCC4)c3)cc12,active,5.200659451
CHEMBL3596900,Clc1ccccc1-c1c[nH]c2ncc(-c3cnn(C4CCNCC4)c3)cc12,active,6.337242168
CHEMBL3596899,O=C(c1ccccc1Cl)c1c[nH]c2ncc(-c3cnn(C4CCNCC4)c3)cc12,active,7.744727495
CHEMBL3596898,Clc1ccccc1Cc1c[nH]c2ncc(-c3cnn(C4CCNCC4)c3)cc12,active,7.080921908
CHEMBL3609327,CCn1c(=O)c(-c2ccc(-c3cncs3)cc2Cl)cc2cnc(Nc3ccc(N4CCN(C)CC4)cc3)nc21,active,8.113509275
CHEMBL3128043,Cc1nc(Nc2[nH]nc3c2CN(C(=O)N[C@H](CN(C)C)c2ccccc2)C3(C)C)c2sccc2n1,active,7.863279433
CHEMBL3609329,CN1CCN(C2=Nc3cc(F)ccc3N(C)c3ccc(Cl)cc32)CC1,inactive,4.602059991
CHEMBL3609328,CN1CCN(C2=Nc3cc(F)ccc3Nc3ccc(F)cc32)CC1,inactive,4.26760624
CHEMBL3609372,CC(C)NC(=O)N1CC[C@H](NC2=Nc3cc(F)ccc3N(CC(F)F)c3ccc(Cl)cc32)C1,active,8.283996656
CHEMBL3609371,CCN1c2ccc(F)cc2N=C(N[C@H]2CCN(C(=O)NC(C)(C)C)C2)c2cc(Cl)ccc21,active,7.744727495
CHEMBL3609370,CCN1c2ccc(F)cc2N=C(N[C@H]2CCN(C(=O)OC(C)(C)C)C2)c2cc(Cl)ccc21,active,6.721246399
CHEMBL3609330,CCN1c2ccc(F)cc2N=C(N2CCN(C)CC2)c2cc(Cl)ccc21,active,6.490797478
CHEMBL472940,Oc1ccc2ccccc2c1SSc1c(O)ccc2ccccc12,active,5.602059991
CHEMBL3609326,CCn1c(=O)c(-c2ccc(Cl)cc2Cl)cc2cnc(Nc3ccc(N4CCNCC4)c(F)c3)nc21,active,8.080921908
CHEMBL3623375,CN(C)CCCNC(=O)c1csc2nc(-c3ccc(NC(=O)Nc4cc(C(C)(C)C)on4)cc3)cn12,inactive,5
CHEMBL3741589,O=C(O)C1CN(Cc2ccc(OCc3ccc(Cl)c(Cl)c3)cc2)C1,inactive,5
CHEMBL3745885,Cn1c(=O)c(S(=O)(=O)c2ccc(F)cc2F)cc2cnc(Nc3ccc4[nH]ccc4c3)nc21,inactive,5
CHEMBL3769552,CNc1ncc2cc(-c3ccc(-c4cccc(C)n4)cc3Cl)c(=O)n(C[C@@H]3CCNCC3(F)F)c2n1,active,7.27572413
CHEMBL3770363,CNc1ncc2cc(-c3ccc(-c4cccc(C)n4)cc3Cl)c(=O)n(CC3COC4(CNC4)OC3)c2n1,active,7.13667714
CHEMBL3769478,CNc1ncc2cc(-c3ccc(-c4cccc(C)n4)cc3Cl)c(=O)n(C[C@H]3OC[C@H](NC)CO3)c2n1,active,7.244125144
CHEMBL3770443,CNc1ncc2cc(-c3ccc(-c4cccc(C)n4)cc3Cl)c(=O)n(C[C@H]3OC[C@H](N)CO3)c2n1,active,7.161150909
CHEMBL3770295,CCNc1ncc2cc(-c3ccc(-c4cncc(C)n4)cc3Cl)c(=O)n(C[C@H]3OC[C@H](N)CO3)c2n1,active,6.829738285
CHEMBL3770943,CNc1ncc2cc(-c3ccc(-c4cncc(C)n4)cc3Cl)c(=O)n(C[C@H]3CNCCO3)c2n1,active,6.399027104
CHEMBL3769981,CCNc1ncc2cc(-c3ccc(-c4cncc(C)n4)cc3Cl)c(=O)n(CC3CCNC(=O)C3)c2n1,active,6.089909454
CHEMBL3770806,CCNc1ncc2cc(-c3ccc(-c4cncc(C)n4)cc3Cl)c(=O)n(CCCO)c2n1,active,6.008773924
CHEMBL3769456,CNc1ncc2cc(-c3ccc(-c4cncc(C)n4)cc3Cl)c(=O)n(C[C@H]3CC[C@H](N)CC3)c2n1,active,6.467245621
CHEMBL3770588,CCNc1ncc2cc(-c3ccc(-c4cccc(C)n4)cc3Cl)c(=O)n(C[C@H]3CC[C@H](N)CC3)c2n1,active,7.346787486
CHEMBL3770909,CCNc1ncc2cc(-c3ccc(-c4cncc(C)n4)cc3Cl)c(=O)n(C[C@H]3CC[C@H](N)CC3)c2n1,active,6.906578315
CHEMBL3770369,CCNc1ncc2cc(-c3ccc(-c4cncc(C)n4)cc3Cl)c(=O)n(CCCCN)c2n1,active,6.832682665
CHEMBL3769748,CCNc1ncc2cc(-c3ccc(-c4cncc(C)n4)cc3Cl)c(=O)n(CC3CCNCC3)c2n1,active,6.838631998
CHEMBL3770186,CCn1c(=O)c(-c2ccc(-c3cncc(C)n3)cc2Cl)cc2cnc(NCCC3CCN(C)CC3)nc21,active,6.653647026
CHEMBL3822986,C[C@@H](Nc1nccc(Nc2cc(C3CC3)[nH]n2)n1)c1ccc2[nH]ccc2n1,active,6.164309429
CHEMBL3924245,CCS(=O)(=O)c1cc(Nc2ncc(F)c(N(C)c3cc(CO)ccc3C)n2)ccc1N1CCN(C)CC1,active,6.26760624
CHEMBL3923175,CCS(=O)(=O)c1cc(Nc2ncc(F)c(N(Cc3ccccc3C#N)c3cc(CO)ccc3C)n2)ccc1N1CCN(C)CC1,active,7.229147988
CHEMBL3950903,CCS(=O)(=O)c1cc(Nc2ncc(F)c(N(Cc3ccccc3F)c3cc(CO)ccc3C)n2)ccc1N1CCN(C)CC1,active,6.886056648
CHEMBL3914181,CCS(=O)(=O)c1cc(Nc2ncc(F)c(N(Cc3ccccc3)c3cc(CO)ccc3C)n2)ccc1N1CCN(C)CC1,active,6.638272164
CHEMBL3942173,CCN(c1cc(CO)ccc1C)c1nc(Nc2ccc(N3CCN(C)CC3)c(S(=O)(=O)CC)c2)ncc1F,active,6.27572413
CHEMBL3964858,CCS(=O)(=O)c1cc(Nc2ncc(F)c(N(C)c3cc(CO)c(C)cc3C)n2)ccc1N1C[C@@H]2C[C@H]1CN2C,active,6.958607315
CHEMBL3933198,CCS(=O)(=O)c1cc(Nc2ncc(F)c(N(C)c3cc(CO)c(C)cc3C)n2)cc(N2CCOCC2)c1,active,6.568636236
CHEMBL3896232,CCS(=O)(=O)c1cc(Nc2ncc(F)c(N(C)c3cc(CO)c(C)cc3C)n2)ccc1N1CCN(C)CC1,active,6.698970004
CHEMBL3962678,Cc1ccc(CO)cc1N(C)c1nc(Nc2ccc(N3CCN(C)CC3)c(S(C)(=O)=O)c2)ncc1F,active,6.091514981
CHEMBL3935195,Cc1cc(C)c(N(C)c2nc(Nc3ccc(N4CCN(C)CC4)cc3)ncc2F)cc1CO,active,5.677780705
CHEMBL3910608,Cc1cc(C)c(N(C)c2nc(Nc3cc(N4CCOCC4)cc(S(C)(=O)=O)c3)ncc2F)cc1CO,active,6.657577319
CHEMBL3980696,CN(c1cc(CO)ccc1Cl)c1nc(Nc2cc(N3CCOCC3)cc(S(C)(=O)=O)c2)ncc1F,active,6.318758763
CHEMBL3969873,COCc1ccc(C)c(N(C)c2nc(Nc3cc(N4CCOCC4)cc(S(C)(=O)=O)c3)ncc2F)c1,active,5.48148606
CHEMBL3891484,Cc1ccc(N(C)c2nc(Nc3cc(N4CCOCC4)cc(S(C)(=O)=O)c3)ncc2F)cc1CO,active,6.37675071
CHEMBL3892617,CN(c1cccc(CO)c1)c1nc(Nc2cc(N3CCOCC3)cc(S(C)(=O)=O)c2)ncc1F,inactive,4.853871964
CHEMBL3961614,Cc1ccc(CO)cc1N(C)c1nc(Nc2cc(N3CCOCC3)cc(S(C)(=O)=O)c2)ncc1F,active,6.065501549
CHEMBL1762546,Cc1ccc(CO)cc1N(C)c1ccnc(Nc2cc(N3CCOCC3)cc(S(C)(=O)=O)c2)n1,active,5.508638306
CHEMBL3884319,CC1(C)C(=O)N([C@H]2CCc3c(O)cccc32)c2nc(Nc3ccccc3)ncc21,inactive,5
CHEMBL4067898,COc1ccccc1-n1cc(COC(=O)C2CCn3c(C(=O)c4ccccc4)ccc32)nn1,active,7.187086643
CHEMBL469,O=C(c1ccccc1)c1ccc2n1CCC2C(=O)O,inactive,4.443697499
CHEMBL1198335,COc1cccc(Nc2nc(NCC3CCCO3)c3ccccc3n2)c1,inactive,4.315154638
CHEMBL388978,CN[C@@H]1C[C@H]2O[C@@](C)([C@@H]1OC)n1c3ccccc3c3c4c(c5c6ccccc6n2c5c31)C(=O)NC4,active,9.522878745
CHEMBL4245507,O=C(Cc1cccc(OCCCN2CCNCC2)c1)Nc1nc(-c2ccncc2)cs1,inactive,5
CHEMBL4251324,O=C(Cc1cccc(OCCCC2CCNCC2)c1)Nc1nc(-c2ccncc2)cs1,inactive,5
CHEMBL4276946,CC(=O)n1nc(C)c(-c2ccc(Cl)c(Cl)c2)c1N,inactive,4
CHEMBL165,Oc1ccc(/C=C/c2cc(O)cc(O)c2)cc1,inactive,4.823908741
CHEMBL4293583,CO[C@@H]1[C@@H](O)[C@H](O[C@H]2[C@H](O)CO[C@@H](O[C@H]3[C@H](O)[C@@H](O[C@@H]4OC[C@@H](O)[C@H](O)[C@H]4O)[C@H](O[C@H]4[C@H](O[C@H]5CC[C@]6(C)[C@@H]7CCC89C(=O)O[C@@](C)(CCCC(C)C)[C@H]8[C@@H](OC(C)=O)C[C@@]9(C)C7=CC[C@H]6C5(C)C)OC[C@@H](OS(=O)(=O)[O-])[C@@H]4O)O[C@@H]3C)[C@@H]2O)O[C@H](CO)[C@H]1O.[Na+],active,6
CHEMBL140,COc1cc(/C=C/C(=O)CC(=O)/C=C/c2ccc(O)c(OC)c2)ccc1O,inactive,4.795880017
CHEMBL1437894,CCCCCC(=O)c1c(O)cc(OC)c(Cl)c1O,active,5.602059991
CHEMBL3310505,C/C=C1\NC(=O)[C@H]2CSSCC/C=C/[C@@H](CC(=O)N[C@H](C(C)C)C(=O)N2)OC(=O)[C@H](C(C)C)NC1=O,active,9
CHEMBL456309,CC(C)=CCc1cc(/C=C/C(=O)O)cc(CC=C(C)C)c1O,inactive,4.602059991
CHEMBL2105734,COCC[n+]1c2c(n(Cc3cnccn3)c1C)C(=O)c1ccccc1C2=O.[Br-],active,6.301029996
CHEMBL4277903,Cc1cc(C)cc(NC(=N)Nc2ccccc2C(F)(F)F)c1,active,5.397940009
CHEMBL4439395,O=C(Cc1ccc(-c2ccccc2)cc1)Nc1cc(C2CCC2)[nH]n1,inactive,5
CHEMBL4438748,CN(C)c1ccc(C(=O)Nc2cccc(NC(=O)COc3ccc4c(=O)ccoc4c3)c2)cc1,inactive,5
CHEMBL4564126,Cc1cnc(-c2cc(Cl)ccc2F)cc1-n1c(=O)n(CC(N)=O)c2cnccc21,active,5.301029996
CHEMBL4569508,O=C(NCC(F)(F)F)c1cc(-c2cnn3cc(-c4ccc(OCCN5CCCCC5)cc4)cnc23)cs1,active,5.080921908
CHEMBL4550702,Cn1cc(-c2cnc3c(-c4csc(C(=O)NCC(F)(F)F)c4)cnn3c2)cn1,active,5.207608311
CHEMBL4568087,Cn1cc(-c2cnc3c(-c4csc(C(=O)N[C@@H]5CCCC[C@@H]5N)c4)cnn3c2)cn1,active,7.619788758
CHEMBL4552628,Cc1sc(C(=O)N[C@@H]2[C@H](N)CCCC2(F)F)cc1-c1cnn2cc(Cl)cnc12,active,5.677780705
CHEMBL4634634,C[C@@H]1C[C@H]1C(=O)N1CCN(c2cnc(C#N)c(-c3cnn(C)c3)n2)C[C@H]1C,inactive,4
CHEMBL4748736,CNC(=O)c1n[nH]c2cc(-c3ccccc3Cl)ccc12,active,5.301029996
CHEMBL4790872,CNC(=O)c1n[nH]c2cc(-c3ccc(-c4cncc(C)n4)cc3Cl)ccc12,active,6.798602876
CHEMBL4799349,CNC(=O)c1n[nH]c2cc(-c3ccc(-c4cccc(C)n4)cc3Cl)ccc12,active,7.283996656
CHEMBL4783727,Cc1cncc(-c2ccc(-c3ccc4c(C(=O)NCC5CC5)n[nH]c4c3)c(Cl)c2)n1,active,6.109578981
CHEMBL4789576,Cc1cccc(-c2ccc(-c3ccc4c(C(=O)NCC5CC5)n[nH]c4c3)c(Cl)c2)n1,active,6.640164518
CHEMBL4742230,CNC(=O)c1n[nH]c2cc(-c3ccc(-n4cccc(C)c4=O)cc3Cl)ccc12,active,7.795880017
CHEMBL4763427,CNC(=O)c1n[nH]c2cc(-c3ccc(-n4ccccc4=O)cc3Cl)ccc12,active,6.48148606
CHEMBL4781551,Cc1cccn(-c2ccc(-c3ccc4c(C(=O)NCC5CC5)n[nH]c4c3)c(Cl)c2)c1=O,active,7.468521083
CHEMBL4782048,O=C(NCC1CC1)c1n[nH]c2cc(-c3ccc(-n4ccccc4=O)cc3Cl)ccc12,active,6.229147988
CHEMBL4748552,CCNC(=O)c1n[nH]c2cc(-c3ccc(-n4cccc(C)c4=O)cc3Cl)ccc12,active,7.346787486
CHEMBL4750093,Cc1cccn(-c2ccc(-c3ccc4c(C(=O)NCCO)n[nH]c4c3)c(Cl)c2)c1=O,active,7.180456064
CHEMBL4764182,COCCNC(=O)c1n[nH]c2cc(-c3ccc(-n4cccc(C)c4=O)cc3Cl)ccc12,active,7.148741651
CHEMBL4753834,Cc1cccn(-c2ccc(-c3ccc4c(C(=O)N5CCCC5)n[nH]c4c3)c(Cl)c2)c1=O,inactive,5
CHEMBL4752794,Cc1cccn(-c2ccc(-c3ccc4c(C(=O)N5CCOCC5)n[nH]c4c3)c(Cl)c2)c1=O,inactive,5
CHEMBL4794451,Cc1cccn(-c2ccc(-c3ccc4c(C(=O)NC5CCOCC5)n[nH]c4c3)c(Cl)c2)c1=O,active,6.128427064
CHEMBL4755754,Cc1cccn(-c2ccc(-c3ccc4c(C(=O)NC5CCN(C)CC5)n[nH]c4c3)c(Cl)c2)c1=O,active,6.844663963
CHEMBL4784560,Cc1cccn(-c2ccc(-c3ccc4c(C(=O)NCC5CCOCC5)n[nH]c4c3)c(Cl)c2)c1=O,active,7.37675071
CHEMBL4784979,Cc1cccn(-c2ccc(-c3ccc4c(C(=O)NCC5CCN(C)CC5)n[nH]c4c3)c(Cl)c2)c1=O,active,7.657577319
CHEMBL4794004,Cc1cccn(-c2ccc(-c3ccc4c(C(=O)Nc5ccncc5)n[nH]c4c3)c(Cl)c2)c1=O,active,7.795880017
CHEMBL4758500,Cc1cccn(-c2ccc(-c3ccc4c(C(=O)NCc5ccncc5)n[nH]c4c3)c(Cl)c2)c1=O,active,8.008773924
CHEMBL4787358,Cc1cccn(-c2ccc(-c3ccc4c(C(=O)NCCc5ccncc5)n[nH]c4c3)c(Cl)c2)c1=O,active,7.677780705
CHEMBL4764341,Cc1cccn(-c2ccc(-c3ccc4c(C(=O)NCc5ccccc5)n[nH]c4c3)c(Cl)c2)c1=O,active,7.036212173
CHEMBL4779460,CN(C)c1ccc(/C=C2/C(=O)Nc3ccc(NC(=O)CCN4CCOCC4)cc32)cc1,active,5.238824187
CHEMBL4752168,O=C(CCN1CCOCC1)Nc1ccc2c(c1)/C(=C\c1ccc([N+](=O)[O-])cc1)C(=O)N2,inactive,4.301029996
CHEMBL4791784,COc1cc(/C=C2/C(=O)Nc3ccc(NC(=O)CCN4CCOCC4)cc32)cc(OC)c1OC,inactive,4.61780279
CHEMBL4747878,COc1ccc(/C=C2/C(=O)Nc3ccc(NC(=O)CCN4CCOCC4)cc32)cc1OC,inactive,4.651111277
CHEMBL4761779,COc1ccc(/C=C2/C(=O)Nc3ccc(NC(=O)CCN4CCOCC4)cc32)cc1,active,5.027797162
CHEMBL4741943,Cc1cc(/C=C2/C(=O)Nc3ccc(NC(=O)CCN4CCOCC4)cc32)cc(C)c1O,inactive,4.915423722
CHEMBL4784170,COc1cc(/C=C2/C(=O)Nc3ccc(NC(=O)CCN4CCOCC4)cc32)ccc1O,inactive,4.967381239
CHEMBL4748052,O=C(CCN1CCOCC1)Nc1ccc2c(c1)/C(=C\c1ccc(O)c(O)c1)C(=O)N2,active,5.498940738
CHEMBL4799887,O=C(CCN1CCOCC1)Nc1ccc2c(c1)/C(=C\c1ccc(O)cc1)C(=O)N2,active,5.467245621
CHEMBL4764030,O=C(CCN1CCCCC1)Nc1ccc2c(c1)/C(=C\c1cnc3ccccn13)C(=O)N2,active,5.131943638
CHEMBL4791897,O=C(CCN1CCCCC1)Nc1ccc2c(c1)/C(=C\c1ccc3[nH]ncc3c1)C(=O)N2,inactive,4.937042166
CHEMBL4761972,O=C(CCN1CCCCC1)Nc1ccc2c(c1)/C(=C\c1c[nH]c3ccccc13)C(=O)N2,active,5.238824187
CHEMBL4759481,O=C(CCN1CCCCC1)Nc1ccc2c(c1)/C(=C\c1ccc3ccccc3c1)C(=O)N2,inactive,4.522878745
CHEMBL4755550,O=C(CCN1CCCCC1)Nc1ccc2c(c1)/C(=C\c1ccc(F)c(Cl)c1)C(=O)N2,active,5.106238238
CHEMBL4741285,O=C(CCN1CCCCC1)Nc1ccc2c(c1)/C(=C\c1ccc(O)cc1)C(=O)N2,inactive,4.880414225
CHEMBL4743990,O=C(CCN1CCCCC1)Nc1ccc2c(c1)/C(=C\c1ccco1)C(=O)N2,active,5.019542108
CHEMBL4793325,O=C1Nc2ccc(NC(=O)N3CCOCC3)cc2/C1=C\c1ccc2[nH]ncc2c1,inactive,4.595337299
CHEMBL4779690,O=C1Nc2ccc(NC(=O)N3CCOCC3)cc2/C1=C\c1ccc(O)cc1,inactive,4.522878745
CHEMBL4790502,COc1ccc(/C=C2/C(=O)Nc3ccc(NC(=O)N4CCOCC4)cc32)cc1,inactive,4.522878745
CHEMBL4754223,CN(C)c1ccc(/C=C2/C(=O)Nc3ccc(NC(=O)N4CCOCC4)cc32)cc1,inactive,4.522878745
CHEMBL4747628,O=C1Nc2ccc(NC(=O)N3CCOCC3)cc2/C1=C\c1ccc(F)c(Cl)c1,inactive,4.635636645
CHEMBL4747190,O=C(CCN1CCOCC1)Nc1ccc2c(c1)/C(=C\c1ccc(F)c(Cl)c1)C(=O)N2,active,5.612610174
CHEMBL4777980,O=C(CCN1CCOCC1)Nc1ccc2c(c1)/C(=C\c1n[nH]c3ccccc13)C(=O)N2,active,6.657577319
CHEMBL4779121,O=C(CCN1CCOCC1)Nc1ccc2c(c1)/C(=C\c1c[nH]c3ccccc13)C(=O)N2,active,6.080921908
CHEMBL4743541,O=C(CCN1CCOCC1)Nc1ccc2c(c1)/C(=C\c1ccc3[nH]ncc3c1)C(=O)N2,active,5.361510743
CHEMBL4777324,Cc1ccc(C(=O)N2CCC(Nc3ncnc4[nH]ncc34)CC2)cc1,inactive,4.403952992
CHEMBL4779069,Cc1ccccc1C(=O)N1CCC(Nc2ncnc3[nH]ncc23)CC1,inactive,4.478731124
CHEMBL4790143,Cc1cc(C)c(C(=O)N2CCC(Nc3ncnc4[nH]ncc34)CC2)c(C)c1,inactive,4.507379278
CHEMBL4793834,O=C(c1ccc(F)cc1)N1CCC(Nc2ncnc3[nH]ncc23)CC1,active,5.106793247
CHEMBL4789709,O=C(c1ccc(Cl)cc1)N1CCC(Nc2ncnc3[nH]ncc23)CC1,active,5.025028006
CHEMBL4793598,O=C(c1ccccc1Cl)N1CCC(Nc2ncnc3[nH]ncc23)CC1,active,5.164943898
CHEMBL4799919,O=C(c1ccc(Br)cc1)N1CCC(Nc2ncnc3[nH]ncc23)CC1,inactive,4.534468443
CHEMBL4776175,O=C(c1ccc(C(F)(F)F)cc1)N1CCC(Nc2ncnc3[nH]ncc23)CC1,inactive,4.301029996
CHEMBL4784836,O=C(c1cccc(C(F)(F)F)c1)N1CCC(Nc2ncnc3[nH]ncc23)CC1,inactive,4.301029996
CHEMBL4793210,O=C(c1cccc(Cl)c1Cl)N1CCC(Nc2ncnc3[nH]ncc23)CC1,active,5.169411331
CHEMBL4787384,Cc1ccc(NC(=O)N2CCC(Nc3ncnc4[nH]ncc34)CC2)cc1,inactive,4.758453519
CHEMBL4796946,Cc1cccc(C)c1NC(=O)N1CCC(Nc2ncnc3[nH]ncc23)CC1,active,5.202732459
CHEMBL4791047,COc1ccc(NC(=O)N2CCC(Nc3ncnc4[nH]ncc34)CC2)cc1,inactive,4.861381566
CHEMBL4798737,O=C(Nc1cccc(Cl)c1)N1CCC(Nc2ncnc3[nH]ncc23)CC1,active,5.143875556
CHEMBL4777564,O=C(Nc1ccccc1Cl)N1CCC(Nc2ncnc3[nH]ncc23)CC1,active,5.280668713
CHEMBL4792139,O=C(Nc1ccc(Br)cc1)N1CCC(Nc2ncnc3[nH]ncc23)CC1,inactive,4.747389659
CHEMBL4783433,O=C(Nc1ccc(C(F)(F)F)cc1)N1CCC(Nc2ncnc3[nH]ncc23)CC1,inactive,4.802719442
CHEMBL4782248,O=C(Nc1ccc(F)cc1F)N1CCC(Nc2ncnc3[nH]ncc23)CC1,active,5.286509457
CHEMBL4800106,O=C(Nc1ccc(Cl)c(Cl)c1)N1CCC(Nc2ncnc3[nH]ncc23)CC1,inactive,4.964570262
CHEMBL4783298,O=C(Nc1ccc(Cl)cc1Cl)N1CCC(Nc2ncnc3[nH]ncc23)CC1,active,5.262807357
CHEMBL4785123,O=C(Nc1cc(C(F)(F)F)cc(C(F)(F)F)c1)N1CCC(Nc2ncnc3[nH]ncc23)CC1,active,5.030584088
CHEMBL4795020,O=C(Nc1cccc2ccccc12)N1CCC(Nc2ncnc3[nH]ncc23)CC1,inactive,4.301029996
CHEMBL4776242,Cc1ccc(NC(=S)N2CCC(Nc3ncnc4[nH]ncc34)CC2)cc1,inactive,4.708853238
CHEMBL4788906,Cc1cccc(C)c1NC(=S)N1CCC(Nc2ncnc3[nH]ncc23)CC1,active,5.133122186
CHEMBL4791617,COc1ccc(NC(=S)N2CCC(Nc3ncnc4[nH]ncc34)CC2)cc1,inactive,4.820735536
CHEMBL4780723,S=C(Nc1ccccc1Cl)N1CCC(Nc2ncnc3[nH]ncc23)CC1,active,5.175874166
CHEMBL4782367,S=C(Nc1cccc(Cl)c1)N1CCC(Nc2ncnc3[nH]ncc23)CC1,active,5.102922997
CHEMBL4798937,FC(F)(F)c1cc(NC(=S)N2CCC(Nc3ncnc4[nH]ncc34)CC2)cc(C(F)(F)F)c1,active,5.059981845
CHEMBL4786304,S=C(Nc1cccc2ccccc12)N1CCC(Nc2ncnc3[nH]ncc23)CC1,inactive,4.301029996
CHEMBL4781055,Cc1ccc(C(=O)NC2CCN(c3ncnc4[nH]ncc34)CC2)cc1,active,5.251037139
CHEMBL4800174,Cc1ccccc1C(=O)NC1CCN(c2ncnc3[nH]ncc23)CC1,active,5.203425667
CHEMBL4783933,Cc1cc(C)c(C(=O)NC2CCN(c3ncnc4[nH]ncc34)CC2)c(C)c1,active,5.169411331
CHEMBL4776846,COc1ccc(C(=O)NC2CCN(c3ncnc4[nH]ncc34)CC2)cc1,active,5.054531415
CHEMBL4793597,O=C(NC1CCN(c2ncnc3[nH]ncc23)CC1)c1ccc(F)cc1,active,5.342944147
CHEMBL4786269,O=C(NC1CCN(c2ncnc3[nH]ncc23)CC1)c1ccc(Br)cc1,inactive,4.785156152
CHEMBL4784509,O=C(NC1CCN(c2ncnc3[nH]ncc23)CC1)c1ccc(C(F)(F)F)cc1,active,5.241088108
CHEMBL4779077,O=C(NC1CCN(c2ncnc3[nH]ncc23)CC1)c1cccc(C(F)(F)F)c1,active,5.600326279
CHEMBL4791690,O=C(NC1CCN(c2ncnc3[nH]ncc23)CC1)c1ccccc1Cl,active,5.280668713
CHEMBL4780102,O=C(NC1CCN(c2ncnc3[nH]ncc23)CC1)c1cccc(Cl)c1Cl,active,5.379863945
CHEMBL4789740,Cc1ccc(NC(=O)NC2CCN(c3ncnc4[nH]ncc34)CC2)cc1,active,5.326979093
CHEMBL4784049,Cc1cccc(C)c1NC(=O)NC1CCN(c2ncnc3[nH]ncc23)CC1,active,5.665546249
CHEMBL4781239,COc1ccc(NC(=O)NC2CCN(c3ncnc4[nH]ncc34)CC2)cc1,active,5.195860568
CHEMBL4779629,O=C(Nc1ccc(Br)cc1)NC1CCN(c2ncnc3[nH]ncc23)CC1,active,5.394694954
CHEMBL4785429,O=C(Nc1ccc(C(F)(F)F)cc1)NC1CCN(c2ncnc3[nH]ncc23)CC1,active,5.145693958
CHEMBL4780324,O=C(Nc1cccc(Cl)c1)NC1CCN(c2ncnc3[nH]ncc23)CC1,active,5.906578315
CHEMBL4798596,O=C(Nc1ccccc1Cl)NC1CCN(c2ncnc3[nH]ncc23)CC1,active,6.251811973
CHEMBL4776761,O=C(Nc1ccc(Cl)c(Cl)c1)NC1CCN(c2ncnc3[nH]ncc23)CC1,active,5.640164518
CHEMBL4787813,O=C(Nc1ccc(F)cc1F)NC1CCN(c2ncnc3[nH]ncc23)CC1,active,5.943095149
CHEMBL4780410,O=C(Nc1cc(C(F)(F)F)cc(C(F)(F)F)c1)NC1CCN(c2ncnc3[nH]ncc23)CC1,active,6.769551079
CHEMBL4791790,O=C(Nc1cccc2ccccc12)NC1CCN(c2ncnc3[nH]ncc23)CC1,inactive,4.953114809
CHEMBL4876497,Cc1n[nH]c2ccc(-c3cc(N[C@@H](CO)c4ccccc4)cnc3Cl)cc12,active,6
